<?xml version="1.0" encoding="UTF-8"?>
<beans xmlns="http://www.springframework.org/schema/beans"
       xmlns:xsi="http://www.w3.org/2001/XMLSchema-instance"
       xmlns:context="http://www.springframework.org/schema/context"
       xsi:schemaLocation="http://www.springframework.org/schema/beans 
           http://www.springframework.org/schema/beans/spring-beans.xsd
           http://www.springframework.org/schema/context
           http://www.springframework.org/schema/context/spring-context.xsd">
               
     <!-- 자동으로 의존객체를 주입 -->
     <context:annotation-config/>  
     					
<!-- 데이터 초기화 bean -->
<bean id='InitSampleData' class = 'pjt_20230909.util.InitSampleData'>
	<property name="names">
		<array>
			<value>이규영</value>
			<value>홍길동</value>
			<value>임꺽정</value>
		</array>
	</property>
	
	<property name="phoneNumbers">
		<array>
			<value>010-000-0000</value>
			<value>010-111-1111</value>
			<value>010-222-2222</value>
		</array>
	</property>	
</bean>

<!-- dao bean -->
<bean id = 'contackDao' class = 'pjt_20230909.dao.ContackDao'/>

<!-- service bean - 2 -->
<bean id = 'contactRegisterService' class = 'pjt_20230909.service.ContactRegisterService'>
	<!-- <constructor-arg ref="contackDao" /> -->
</bean>

<bean id = 'contactSearchService' class = 'pjt_20230909.service.ContactSearchService'>
	<!-- <constructor-arg ref="contackDao" /> -->
</bean>



	
</beans>