<?xml version="1.0" encoding="UTF-8"?>
<beans xmlns="http://www.springframework.org/schema/beans"
	xmlns:xsi="http://www.w3.org/2001/XMLSchema-instance"
	xsi:schemaLocation="http://www.springframework.org/schema/beans
						http://www.springframework.org/schema/beans/spring-beans.xsd">
						
	<bean id="initSampleData" class="util.InitSampleData" />
	<bean id="studentDao" class="dao.StudentDao" />
	
	<bean id="studentRegisterService" class="service.StudentRegisterService" >
		<constructor-arg ref="studentDao" />
	</bean>
	
	<bean id="studentSelectService" class="service.StudentSelectService" >
		<constructor-arg ref="studentDao" />
	</bean>
	
	<bean id="studentModifyService" class="service.StudentModifyService" >
		<constructor-arg ref="studentDao" />
	</bean>
	
	<bean id="studentDeleteService" class="service.StudentDeleteService" >
		<constructor-arg ref="studentDao" />
	</bean>
	
	<bean id="studentAllSelectService" class="service.StudentAllSelectService" >
		<constructor-arg ref="studentDao" />
	</bean>
	
	<bean id="printStudentInformationService" class="service.PrintStudentInformationService" >
		<constructor-arg ref="studentAllSelectService" />
	</bean>
	
	
</beans>