<?xml version="1.0" encoding="UTF-8"?>
<beans xmlns="http://www.springframework.org/schema/beans"
	xmlns:xsi="http://www.w3.org/2001/XMLSchema-instance"
	xsi:schemaLocation="http://www.springframework.org/schema/beans
						http://www.springframework.org/schema/beans/spring-beans.xsd">						
	
	
	<!-- 개발용 데이터베이스 빈 -->
	<bean id = "dev_DBConnectionInfo" class="member.DBConnectionInfo">
		<property name="url" value="000.000.000.000"/>
		<property name="userId" value = "admin"/>
		<property name="userPw" value = "admin1234"/>
	</bean>
	<!-- 실제 서비스에 사용되는 데이터베이스 빈 -->
	<bean id = "real_DBConnectionInfo" class="member.DBConnectionInfo">
		<property name="url" value="111.111.111.111"/>
		<property name="userId" value = "master"/>
		<property name="userPw" value = "master1234"/>
	</bean>
	
</beans>