<?xml version="1.0" encoding="UTF-8"?>
<beans xmlns="http://www.springframework.org/schema/beans"
	xmlns:xsi="http://www.w3.org/2001/XMLSchema-instance"
	xsi:schemaLocation="http://www.springframework.org/schema/beans
						http://www.springframework.org/schema/beans/spring-beans.xsd">
						
	<bean id="cAdd" class="calcualtor.CallAdd" />
	<bean id="cDiv" class="calcualtor.CallDiv" />
	<bean id="cSub" class="calcualtor.CallSub" />
	<bean id="cMul" class="calcualtor.CallMul" />
	
	<bean id="cMy" class="calcualtor.MyCalculator" />
	
	<bean id="cAssembler" class="calcualtor.CallAssembler" >
		<constructor-arg  ref="cMy"  />
		<constructor-arg  ref="cAdd"  />
		<constructor-arg  ref="cDiv"  />
		<constructor-arg  ref="cSub"  />
		<constructor-arg  ref="cMul"  />
	</bean>
	
</beans>